<?xml version="1.0"?>
<!DOCTYPE PRODUCTION_ORDERS [
<!ELEMENT ORDERS (Request_Stores | Order*)>
<!ELEMENT Request_Stores EMPTY>
<!ELEMENT Order (Transform | Unload)>
<!ATTLIST Order
          Number   (CDATA) #REQUIRED
>
<!ELEMENT Transform EMPTY>
<!ATTLIST Transform
          From     (CDATA) #REQUIRED
          To       (CDATA) #REQUIRED
          Quantity (CDATA) #REQUIRED
          MaxDelay (CDATA) #REQUIRED
>
<!ELEMENT Unload EMPTY>
<!ATTLIST Unload
          Type        (CDATA) #REQUIRED
          Destination (CDATA) #REQUIRED
          Quantity    (CDATA) #REQUIRED
>
]>
<ORDERS>
<Order Number="008">
<Unload Type="P9" Destination="D3" Quantity="25"/>
</Order>
<Order Number="009">
<Unload Type="P9" Destination="D2" Quantity="25"/>
</Order>
<Order Number="010">
<Unload Type="P9" Destination="D1" Quantity="7"/>
</Order>
</ORDERS>
