<?xml version="1.0"?>
<!DOCTYPE PRODUCTION_ORDERS [
<!ELEMENT ORDERS (Request_Stores | Order*)>
<!ELEMENT Request_Stores EMPTY>
<!ELEMENT Order (Transform | Unload)>
<!ATTLIST Order
          Number   (CDATA) #REQUIRED
>
<!ELEMENT Transform EMPTY>
<!ATTLIST Transform
          From     (CDATA) #REQUIRED
          To       (CDATA) #REQUIRED
          Quantity (CDATA) #REQUIRED
          MaxDelay (CDATA) #REQUIRED
>
<!ELEMENT Unload EMPTY>
<!ATTLIST Unload
          Type        (CDATA) #REQUIRED
          Destination (CDATA) #REQUIRED
          Quantity    (CDATA) #REQUIRED
>
]>
<ORDERS>
<Order Number="004">
<Transform From="P4" To="P8" Quantity="7" MaxDelay="300"/>
</Order>
<Order Number="005">
<Unload Type="P9" Destination="D2" Quantity="8"/>
</Order>
<Order Number="006">
<Unload Type="P6" Destination="D3" Quantity="6"/>
</Order>
</ORDERS>

